Test,Strategy,d1,d2,d3,d4,d5,d6,d7,d8,d9,d10,d11,d12,d13,d14,d15,d16,d17,d18,d19,d20,d21
Fig 3.3,B(SDSE),NA,NA,NA,NA,NA,NA,NA,NA,NA,NA,NA,NA,NA,NA,NA,NA,NA,NA,NA,NA,NA
Fig 3.3,B(SDSE-pr),72.84,76.16,76.21,91.43,95.78,98.0,130.89,132.97,141.93,145.38,145.43,145.59,149.06,153.71,162.3,178.52,206.54,217.37,234.16,270.06,290.05
Fig 3.3,"B(Ph(OtterKLEE,SDSE,3))",NA,NA,NA,NA,NA,NA,NA,NA,NA,NA,NA,NA,NA,NA,NA,NA,NA,NA,NA,NA,NA
Fig 3.3,"B(RR(RP,SDSE))",148.92,152.92,155.4,157.46,174.39,185.95,186.58,188.03,197.82,208.42,209.94,215.27,219.9,236.42,240.7,249.47,253.36,283.75,286.08,290.71,317.7
Fig 3.3,CCBSE(SDSE),4.8,6.14,6.15,6.39,6.65,6.71,6.72,7.25,7.53,7.54,8.02,8.13,8.25,8.25,8.27,8.41,8.74,9.03,9.6,9.78,10.7
Fig 3.3,CCBSE(RP),55.14,58.56,58.92,59.79,62.35,63.94,64.1,64.11,64.74,66.13,68.1,68.6,68.61,72.2,74.99,76.92,78.14,78.58,78.61,80.08,100.11
Fig 3.3,SDSE,NA,NA,NA,NA,NA,NA,NA,NA,NA,NA,NA,NA,NA,NA,NA,NA,NA,NA,NA,NA,NA
Fig 3.3,SDSE-pr,113.85,115.38,126.73,127.39,129.37,132.43,138.9,140.79,144.8,146.96,147.91,147.93,151.08,168.82,178.35,181.01,191.73,196.01,196.68,208.91,221.87
Fig 3.3,SDSE-intra,NA,NA,NA,NA,NA,NA,NA,NA,NA,NA,NA,NA,NA,NA,NA,NA,NA,NA,NA,NA,NA
Fig 3.3,OtterKLEE,220.19,246.56,264.98,319.23,327.11,369.76,386.45,388.24,399.16,406.98,407.42,468.31,477.54,477.54,480.32,497.61,533.23,533.97,534.46,575.4,670.54
Fig 3.3,Mix-CCBSE(OtterKLEE),125.09,142.75,387.64,425.05,458.08,472.69,480.52,486.21,487.89,495.24,495.32,495.97,540.3,548.28,574.66,580.56,613.73,629.54,694.42,724.72,798.65
Fig 3.3,Mix-CCBSE(OtterSAGE),NA,NA,NA,NA,NA,NA,NA,NA,NA,NA,NA,NA,NA,NA,NA,NA,NA,NA,NA,NA,NA
Fig 3.3,Mix-CCBSE(RP),223.25,226.81,230.02,231.67,236.6,237.7,238.28,240.2,240.91,242.37,246.63,252.74,254.65,257.95,258.95,261.28,261.52,262.94,263.16,273.65,297.72
Fig 3.3,"RR(RP,SDSE)",309.07,322.35,325.23,342.89,344.52,354.3,359.36,365.67,367.56,370.31,371.54,394.24,399.03,399.31,402.78,403.5,404.33,420.73,434.73,436.21,530.28
Fig 3.3,OtterSAGE,NA,NA,NA,NA,NA,NA,NA,NA,NA,NA,NA,NA,NA,NA,NA,NA,NA,NA,NA,NA,NA
Fig 3.3,RP,128.25,140.93,149.12,151.2,151.3,165.12,167.08,167.98,168.46,168.62,173.13,173.89,174.93,175.91,178.42,182.07,183.77,185.76,186.85,191.37,220.59
Fig 3.5,B(SDSE),NA,NA,NA,NA,NA,NA,NA,NA,NA,NA,NA,NA,NA,NA,NA,NA,NA,NA,NA,NA,NA
Fig 3.5,B(SDSE-pr),713.04,723.15,807.73,814.81,NA,NA,NA,NA,NA,NA,NA,NA,NA,NA,NA,NA,NA,NA,NA,NA,NA
Fig 3.5,"B(Ph(OtterKLEE,SDSE,3))",NA,NA,NA,NA,NA,NA,NA,NA,NA,NA,NA,NA,NA,NA,NA,NA,NA,NA,NA,NA,NA
Fig 3.5,"B(RR(RP,SDSE))",NA,NA,NA,NA,NA,NA,NA,NA,NA,NA,NA,NA,NA,NA,NA,NA,NA,NA,NA,NA,NA
Fig 3.5,CCBSE(SDSE),NA,NA,NA,NA,NA,NA,NA,NA,NA,NA,NA,NA,NA,NA,NA,NA,NA,NA,NA,NA,NA
Fig 3.5,CCBSE(RP),NA,NA,NA,NA,NA,NA,NA,NA,NA,NA,NA,NA,NA,NA,NA,NA,NA,NA,NA,NA,NA
Fig 3.5,SDSE,NA,NA,NA,NA,NA,NA,NA,NA,NA,NA,NA,NA,NA,NA,NA,NA,NA,NA,NA,NA,NA
Fig 3.5,SDSE-pr,NA,NA,NA,NA,NA,NA,NA,NA,NA,NA,NA,NA,NA,NA,NA,NA,NA,NA,NA,NA,NA
Fig 3.5,SDSE-intra,NA,NA,NA,NA,NA,NA,NA,NA,NA,NA,NA,NA,NA,NA,NA,NA,NA,NA,NA,NA,NA
Fig 3.5,OtterKLEE,NA,NA,NA,NA,NA,NA,NA,NA,NA,NA,NA,NA,NA,NA,NA,NA,NA,NA,NA,NA,NA
Fig 3.5,Mix-CCBSE(OtterKLEE),186.47,306.86,334.97,396.69,432.83,488.11,505.33,538.85,657.08,688.58,822.29,854.79,891.32,NA,NA,NA,NA,NA,NA,NA,NA
Fig 3.5,Mix-CCBSE(OtterSAGE),NA,NA,NA,NA,NA,NA,NA,NA,NA,NA,NA,NA,NA,NA,NA,NA,NA,NA,NA,NA,NA
Fig 3.5,Mix-CCBSE(RP),301.08,301.43,323.12,323.73,325.37,328.65,330.14,333.29,347.58,361.43,363.85,365.43,365.6,380.37,381.74,386.84,387.17,388.26,401.68,404.22,450.46
Fig 3.5,"RR(RP,SDSE)",NA,NA,NA,NA,NA,NA,NA,NA,NA,NA,NA,NA,NA,NA,NA,NA,NA,NA,NA,NA,NA
Fig 3.5,OtterSAGE,NA,NA,NA,NA,NA,NA,NA,NA,NA,NA,NA,NA,NA,NA,NA,NA,NA,NA,NA,NA,NA
Fig 3.5,RP,NA,NA,NA,NA,NA,NA,NA,NA,NA,NA,NA,NA,NA,NA,NA,NA,NA,NA,NA,NA,NA
Fig 3.1,B(SDSE),0.21,0.22,0.22,0.22,0.22,0.23,0.23,0.23,0.23,0.25,0.29,0.31,0.32,0.32,0.33,0.33,0.33,0.33,0.34,0.35,0.35
Fig 3.1,B(SDSE-pr),0.22,0.23,0.23,0.23,0.23,0.23,0.24,0.26,0.28,0.28,0.31,0.33,0.34,0.34,0.34,0.34,0.36,0.36,0.37,0.38,0.39
Fig 3.1,"B(Ph(OtterKLEE,SDSE,3))",2.9,7.54,8.79,11.93,13.93,16.22,16.23,21.41,22.81,25.22,27.71,51.47,57.98,81.77,99.76,111.5,115.31,123.6,156.76,221.15,316.42
Fig 3.1,"B(RR(RP,SDSE))",0.23,0.23,0.24,0.24,0.24,0.24,0.24,0.24,0.25,0.27,0.3,0.31,0.34,0.34,0.34,0.34,0.35,0.38,0.38,0.39,0.39
Fig 3.1,CCBSE(SDSE),0.22,0.22,0.22,0.22,0.23,0.23,0.23,0.24,0.25,0.25,0.31,0.32,0.32,0.33,0.33,0.33,0.33,0.33,0.34,0.35,0.35
Fig 3.1,CCBSE(RP),0.87,1.0,1.02,1.14,1.18,1.21,1.21,1.24,1.24,1.25,1.3,1.5,1.52,1.54,1.6,1.65,1.73,1.81,1.89,2.06,2.19
Fig 3.1,SDSE,0.21,0.21,0.21,0.21,0.22,0.23,0.23,0.23,0.23,0.23,0.24,0.24,0.26,0.29,0.31,0.31,0.32,0.32,0.33,0.33,0.36
Fig 3.1,SDSE-pr,0.24,0.24,0.24,0.24,0.25,0.25,0.27,0.27,0.27,0.28,0.29,0.29,0.3,0.33,0.34,0.35,0.35,0.35,0.36,0.4,0.41
Fig 3.1,SDSE-intra,0.22,0.22,0.22,0.23,0.24,0.26,0.26,0.26,0.26,0.28,0.28,0.32,0.32,0.32,0.33,0.34,0.34,0.34,0.34,0.34,0.39
Fig 3.1,OtterKLEE,2.29,4.98,12.3,12.46,15.06,16.41,16.82,20.55,25.3,25.81,27.89,28.21,30.23,45.82,49.51,52.74,54.14,69.74,75.39,141.31,355.04
Fig 3.1,Mix-CCBSE(OtterKLEE),2.54,5.26,12.35,12.75,16.41,18.08,19.93,22.93,23.18,23.27,23.57,24.98,43.12,49.84,53.53,54.44,54.59,76.16,78.19,184.73,316.54
Fig 3.1,Mix-CCBSE(OtterSAGE),NA,NA,NA,NA,NA,NA,NA,NA,NA,NA,NA,NA,NA,NA,NA,NA,NA,NA,NA,NA,NA
Fig 3.1,Mix-CCBSE(RP),1.07,1.11,1.12,1.14,1.14,1.17,1.17,1.2,1.23,1.27,1.43,1.47,1.5,1.57,1.63,1.76,1.78,1.79,1.91,2.18,2.23
Fig 3.1,"RR(RP,SDSE)",0.11,0.24,0.24,0.25,0.25,0.25,0.26,0.26,0.26,0.29,0.34,0.34,0.34,0.35,0.35,0.35,0.36,0.36,0.37,0.38,0.41
Fig 3.1,OtterSAGE,NA,NA,NA,NA,NA,NA,NA,NA,NA,NA,NA,NA,NA,NA,NA,NA,NA,NA,NA,NA,NA
Fig 3.1,RP,0.7,1.02,1.04,1.08,1.08,1.08,1.09,1.09,1.13,1.26,1.32,1.39,1.42,1.44,1.5,1.6,1.64,1.67,1.74,1.79,1.92
md5sum,Batched(InterSDSE),22.69,22.98,24.09,24.93,25.21,26.08,26.16,26.24,26.34,26.37,26.75,26.87,26.88,27.18,27.29,27.46,27.97,28.32,28.41,31.41,33.77
md5sum,B(SDSE),23.61,23.98,24.62,25.55,25.65,25.81,26.04,26.57,26.64,26.67,26.89,27.03,27.35,27.56,27.94,28.41,28.83,29.38,30.26,30.7,30.89
md5sum,B(SDSE-pr),NA,NA,NA,NA,NA,NA,NA,NA,NA,NA,NA,NA,NA,NA,NA,NA,NA,NA,NA,NA,NA
md5sum,"B(Ph(OtterKLEE,SDSE,3))",NA,NA,NA,NA,NA,NA,NA,NA,NA,NA,NA,NA,NA,NA,NA,NA,NA,NA,NA,NA,NA
md5sum,"Batched(RoundRobin(RandomPath,InterSDSE))",29.1,30.56,30.72,31.18,32.32,32.5,33.02,33.03,33.47,34.47,34.69,35.4,35.75,35.83,36.09,37.36,37.86,38.38,40.61,44.68,47.36
md5sum,"B(RR(RP,SDSE))",29.05,30.11,30.99,31.32,32.21,32.31,33.09,33.64,33.64,33.66,33.68,34.88,34.91,36.04,36.41,36.94,37.5,39.17,40.69,43.01,44.61
md5sum,CCBSE(SDSE),30.39,31.11,33.41,34.52,34.74,35.29,35.63,35.7,35.77,35.87,35.96,36.24,36.42,37.17,37.31,37.55,38.96,39.41,40.94,42.09,42.9
md5sum,CCBSE(IntraSDSE),NA,NA,NA,NA,NA,NA,NA,NA,NA,NA,NA,NA,NA,NA,NA,NA,NA,NA,NA,NA,NA
md5sum,CCBSE(RP),NA,NA,NA,NA,NA,NA,NA,NA,NA,NA,NA,NA,NA,NA,NA,NA,NA,NA,NA,NA,NA
md5sum,InterSDSE,26.93,26.95,27.1,27.18,28.09,28.84,29.01,29.22,29.26,29.42,29.58,30.86,32.67,33.08,33.71,34.18,34.32,34.46,35.06,35.24,36.05
md5sum,SDSE,22.09,22.61,23.64,23.69,23.8,23.99,24.07,24.62,24.73,25.3,25.62,25.75,26.96,27.0,27.08,27.39,27.43,28.36,28.51,29.17,29.75
md5sum,SDSE-pr,NA,NA,NA,NA,NA,NA,NA,NA,NA,NA,NA,NA,NA,NA,NA,NA,NA,NA,NA,NA,NA
md5sum,SDSE-intra,NA,NA,NA,NA,NA,NA,NA,NA,NA,NA,NA,NA,NA,NA,NA,NA,NA,NA,NA,NA,NA
md5sum,OtterKLEE,NA,NA,NA,NA,NA,NA,NA,NA,NA,NA,NA,NA,NA,NA,NA,NA,NA,NA,NA,NA,NA
md5sum,Mix(KLEE),NA,NA,NA,NA,NA,NA,NA,NA,NA,NA,NA,NA,NA,NA,NA,NA,NA,NA,NA,NA,NA
md5sum,Mix-CCBSE(OtterKLEE),NA,NA,NA,NA,NA,NA,NA,NA,NA,NA,NA,NA,NA,NA,NA,NA,NA,NA,NA,NA,NA
md5sum,Mix(SAGE),NA,NA,NA,NA,NA,NA,NA,NA,NA,NA,NA,NA,NA,NA,NA,NA,NA,NA,NA,NA,NA
md5sum,Mix-CCBSE(OtterSAGE),NA,NA,NA,NA,NA,NA,NA,NA,NA,NA,NA,NA,NA,NA,NA,NA,NA,NA,NA,NA,NA
md5sum,Mix(random-path),NA,NA,NA,NA,NA,NA,NA,NA,NA,NA,NA,NA,NA,NA,NA,NA,NA,NA,NA,NA,NA
md5sum,Mix-CCBSE(RP),NA,NA,NA,NA,NA,NA,NA,NA,NA,NA,NA,NA,NA,NA,NA,NA,NA,NA,NA,NA,NA
md5sum,"RR(RP,SDSE)",27.16,28.07,28.44,28.57,29.15,29.15,30.52,30.66,31.2,31.4,31.54,32.33,33.4,34.04,34.34,34.55,35.61,35.84,36.74,37.21,39.88
md5sum,OtterSAGE,NA,NA,NA,NA,NA,NA,NA,NA,NA,NA,NA,NA,NA,NA,NA,NA,NA,NA,NA,NA,NA
md5sum,RP,NA,NA,NA,NA,NA,NA,NA,NA,NA,NA,NA,NA,NA,NA,NA,NA,NA,NA,NA,NA,NA
mkdir,Batched(InterSDSE),137.23,140.64,142.02,144.59,147.37,147.43,149.06,149.89,150.76,155.44,155.75,156.01,156.13,156.64,157.64,158.81,162.54,165.56,171.55,174.0,210.42
mkdir,B(SDSE),117.61,119.03,119.13,119.98,121.58,123.39,123.74,125.26,126.56,126.83,127.65,129.79,130.52,131.77,133.36,134.3,137.22,137.64,139.3,145.66,149.91
mkdir,B(SDSE-pr),35.64,36.8,45.23,46.31,50.35,83.16,87.54,104.66,105.67,152.92,159.37,161.11,199.35,379.61,498.44,747.57,881.38,NA,NA,NA,NA
mkdir,"B(Ph(OtterKLEE,SDSE,3))",56.49,73.73,74.25,97.07,102.39,117.7,123.37,123.52,124.0,124.85,149.97,151.99,154.35,164.81,176.1,178.8,178.99,184.09,238.65,296.36,298.1
mkdir,"Batched(RoundRobin(RandomPath,InterSDSE))",698.35,795.26,878.24,929.84,1034.36,1163.59,1219.59,1266.23,1487.22,1610.62,1665.6,1743.47,NA,NA,NA,NA,NA,NA,NA,NA,NA
mkdir,"B(RR(RP,SDSE))",548.15,687.43,769.5,954.89,1420.53,1471.09,1555.39,1600.12,1641.07,NA,NA,NA,NA,NA,NA,NA,NA,NA,NA,NA,NA
mkdir,CCBSE(SDSE),NA,NA,NA,NA,NA,NA,NA,NA,NA,NA,NA,NA,NA,NA,NA,NA,NA,NA,NA,NA,NA
mkdir,CCBSE(IntraSDSE),70.09,71.32,90.17,111.41,126.95,133.77,135.7,140.92,150.3,164.94,165.87,171.26,202.16,203.56,NA,NA,NA,NA,NA,NA,NA
mkdir,CCBSE(RP),76.32,77.6,82.33,83.11,86.38,96.43,105.72,107.63,110.38,143.56,148.36,148.72,154.26,155.12,155.87,160.19,163.57,164.42,167.36,175.28,192.78
mkdir,InterSDSE,26.92,30.13,31.47,32.56,32.81,32.98,34.14,35.54,36.42,37.23,39.38,41.72,43.75,50.17,51.04,NA,NA,NA,NA,NA,NA
mkdir,SDSE,23.78,24.58,25.28,27.04,28.22,28.79,30.31,30.87,33.7,34.54,35.38,35.47,37.01,38.53,NA,NA,NA,NA,NA,NA,NA
mkdir,SDSE-pr,156.2,157.92,175.5,185.0,187.88,195.56,200.39,215.11,222.74,230.23,232.42,242.5,260.03,260.42,274.85,280.99,292.95,301.26,354.96,366.12,405.54
mkdir,SDSE-intra,206.93,222.85,310.2,320.61,385.09,387.48,387.86,388.87,406.89,412.53,424.9,429.14,455.09,465.38,468.27,581.98,582.26,NA,NA,NA,NA
mkdir,OtterKLEE,121.57,144.93,148.18,168.33,170.39,170.51,170.77,176.79,186.43,186.88,199.56,207.91,222.48,222.55,224.51,242.14,246.05,247.64,248.63,251.65,310.93
mkdir,Mix(KLEE),140.87,146.4,186.08,191.93,203.76,205.31,223.03,228.82,232.15,235.98,238.92,241.24,248.49,255.08,269.32,272.91,297.43,310.56,337.74,371.27,401.32
mkdir,Mix-CCBSE(OtterKLEE),78.57,97.54,102.15,112.6,114.11,120.94,131.71,143.57,145.54,148.15,152.43,167.31,176.6,178.53,184.62,186.01,194.25,195.26,198.08,200.45,213.69
mkdir,Mix(SAGE),22.94,29.48,75.32,109.79,114.0,132.7,200.94,305.47,377.34,567.16,732.86,1101.55,1283.47,1777.38,NA,NA,NA,NA,NA,NA,NA
mkdir,Mix-CCBSE(OtterSAGE),25.88,58.68,71.15,73.59,96.07,171.55,200.84,266.55,303.6,379.95,389.76,689.34,707.52,789.63,1087.81,1101.32,1171.46,1260.57,NA,NA,NA
mkdir,Mix(random-path),178.19,190.99,196.56,196.98,201.36,204.05,209.53,217.77,217.98,219.58,220.58,220.87,223.81,225.01,225.9,227.42,232.1,245.45,254.45,282.07,324.73
mkdir,Mix-CCBSE(RP),104.27,104.62,107.56,110.4,110.48,112.22,118.77,118.93,123.38,125.36,125.77,126.61,132.31,134.29,134.52,135.99,136.2,139.99,140.18,145.55,161.18
mkdir,"RR(RP,SDSE)",NA,NA,NA,NA,NA,NA,NA,NA,NA,NA,NA,NA,NA,NA,NA,NA,NA,NA,NA,NA,NA
mkdir,OtterSAGE,50.46,89.14,89.77,165.42,190.53,195.32,248.32,264.0,281.36,314.25,337.06,397.84,575.14,777.48,778.98,823.58,929.14,1792.13,NA,NA,NA
mkdir,RP,127.75,128.04,131.25,132.35,133.68,134.57,137.89,140.04,141.19,142.47,143.9,144.2,144.24,144.41,150.48,153.89,155.41,156.36,163.23,169.9,202.51
mkfifo,Batched(InterSDSE),18.75,19.12,19.22,19.3,19.32,20.16,20.34,20.94,21.24,21.36,21.7,21.99,22.06,22.25,23.8,23.97,23.97,24.4,24.53,25.81,28.14
mkfifo,B(SDSE),17.75,20.03,20.52,20.75,21.02,21.63,21.64,21.65,21.76,22.04,22.08,22.63,22.67,22.73,22.78,22.95,23.06,25.0,25.16,27.91,28.47
mkfifo,B(SDSE-pr),22.42,23.78,28.71,31.18,31.84,41.93,50.57,69.49,76.03,78.31,93.44,108.44,150.46,372.91,522.86,870.98,886.58,926.3,1250.98,NA,NA
mkfifo,"B(Ph(OtterKLEE,SDSE,3))",27.45,33.31,36.17,43.34,43.55,44.09,44.24,45.55,45.64,46.28,47.4,49.96,50.44,55.93,57.47,61.98,62.49,66.1,73.45,75.36,79.88
mkfifo,"Batched(RoundRobin(RandomPath,InterSDSE))",152.11,155.52,162.3,183.45,192.55,195.45,206.16,223.27,231.13,236.07,237.53,238.58,243.68,287.93,291.53,311.13,320.71,350.93,357.03,360.09,443.01
mkfifo,"B(RR(RP,SDSE))",64.9,151.89,185.94,199.55,200.51,218.24,219.56,222.35,233.39,244.83,258.05,259.99,269.04,271.8,285.95,289.15,289.86,294.16,302.97,313.0,400.73
mkfifo,CCBSE(SDSE),24.29,24.47,24.55,24.58,24.79,24.88,24.93,25.28,25.43,25.61,25.74,25.98,26.15,26.3,27.11,27.25,27.63,29.33,29.66,30.51,30.67
mkfifo,CCBSE(IntraSDSE),43.86,71.69,245.47,267.31,268.05,598.97,623.48,NA,NA,NA,NA,NA,NA,NA,NA,NA,NA,NA,NA,NA,NA
mkfifo,CCBSE(RP),38.15,38.78,39.41,39.45,40.59,40.9,41.11,44.29,45.28,60.41,62.2,63.94,64.86,65.9,67.45,67.89,68.31,69.54,70.96,73.36,73.76
mkfifo,InterSDSE,18.17,19.12,19.33,19.49,19.64,19.83,19.86,19.86,20.02,20.28,20.92,21.05,21.55,21.79,22.33,22.56,23.41,23.43,23.64,24.59,27.36
mkfifo,SDSE,19.21,20.22,20.77,20.94,21.25,22.21,22.21,22.25,22.55,22.63,23.24,23.33,23.41,23.42,23.8,23.82,24.56,24.93,25.86,26.23,26.38
mkfifo,SDSE-pr,62.41,96.85,112.12,128.77,142.57,224.28,363.23,650.88,654.04,770.89,1051.5,1069.96,1391.73,1391.89,1728.39,NA,NA,NA,NA,NA,NA
mkfifo,SDSE-intra,1201.9,NA,NA,NA,NA,NA,NA,NA,NA,NA,NA,NA,NA,NA,NA,NA,NA,NA,NA,NA,NA
mkfifo,OtterKLEE,41.21,42.55,44.59,45.36,46.38,50.81,51.04,51.48,54.04,55.15,57.87,58.17,58.81,59.45,59.83,60.47,61.18,63.71,63.85,64.02,64.88
mkfifo,Mix(KLEE),34.1,34.91,37.21,38.37,39.99,41.06,42.8,46.26,46.56,50.31,50.49,52.95,54.17,57.22,57.73,57.87,62.66,66.35,67.23,70.2,71.13
mkfifo,Mix-CCBSE(OtterKLEE),35.13,36.39,36.58,38.03,38.14,40.18,41.24,41.52,42.93,46.1,46.3,47.57,49.25,50.02,50.47,54.03,56.16,62.73,66.15,67.13,68.64
mkfifo,Mix(SAGE),20.38,23.9,24.29,27.85,27.86,34.71,46.38,58.6,58.66,65.55,77.76,104.83,168.8,169.63,304.76,341.96,854.36,NA,NA,NA,NA
mkfifo,Mix-CCBSE(OtterSAGE),24.93,25.63,53.38,55.36,56.03,65.82,66.25,71.05,87.97,88.97,102.11,146.89,149.08,154.63,168.93,183.87,221.45,241.39,307.56,716.69,891.16
mkfifo,Mix(random-path),46.42,52.71,52.91,53.54,53.7,54.23,54.64,55.01,55.08,55.75,56.38,57.14,57.33,58.04,58.13,59.2,60.51,61.31,68.58,70.33,70.42
mkfifo,Mix-CCBSE(RP),37.63,38.74,40.61,40.83,40.93,41.38,41.58,43.34,44.01,44.14,46.32,46.82,47.47,47.85,48.17,50.6,51.03,51.15,52.63,54.78,55.97
mkfifo,"RR(RP,SDSE)",384.46,396.73,402.18,419.7,420.9,423.91,433.34,438.75,448.52,449.98,451.56,458.97,461.94,462.07,475.1,480.87,484.96,489.09,508.49,514.87,518.5
mkfifo,OtterSAGE,17.41,19.49,29.22,31.65,35.76,44.96,47.3,65.66,75.37,89.56,108.41,124.65,146.9,152.43,171.52,204.24,456.2,589.31,NA,NA,NA
mkfifo,RP,53.45,53.52,54.52,54.63,55.1,55.73,57.32,57.52,57.64,58.34,58.58,59.57,60.99,61.36,61.47,62.18,62.5,62.97,63.11,65.19,65.97
mknod,Batched(InterSDSE),NA,NA,NA,NA,NA,NA,NA,NA,NA,NA,NA,NA,NA,NA,NA,NA,NA,NA,NA,NA,NA
mknod,B(SDSE),NA,NA,NA,NA,NA,NA,NA,NA,NA,NA,NA,NA,NA,NA,NA,NA,NA,NA,NA,NA,NA
mknod,B(SDSE-pr),327.49,NA,NA,NA,NA,NA,NA,NA,NA,NA,NA,NA,NA,NA,NA,NA,NA,NA,NA,NA,NA
mknod,"B(Ph(OtterKLEE,SDSE,3))",71.15,74.16,76.9,77.69,86.88,104.18,107.49,110.57,113.12,117.59,135.66,139.48,139.53,140.63,149.25,149.88,152.94,157.67,166.91,169.46,179.89
mknod,"Batched(RoundRobin(RandomPath,InterSDSE))",636.51,645.61,721.51,827.37,929.04,1217.83,1275.41,1300.5,1385.11,1489.84,1511.71,1549.85,1564.66,1654.14,1660.25,1700.0,1704.86,NA,NA,NA,NA
mknod,"B(RR(RP,SDSE))",505.84,633.15,791.86,830.42,835.97,840.36,966.23,1050.43,1184.19,1195.84,1218.0,1222.47,1366.87,1381.64,1395.05,1411.75,1489.67,1578.25,1607.5,1723.88,NA
mknod,CCBSE(SDSE),NA,NA,NA,NA,NA,NA,NA,NA,NA,NA,NA,NA,NA,NA,NA,NA,NA,NA,NA,NA,NA
mknod,CCBSE(IntraSDSE),NA,NA,NA,NA,NA,NA,NA,NA,NA,NA,NA,NA,NA,NA,NA,NA,NA,NA,NA,NA,NA
mknod,CCBSE(RP),85.48,86.68,89.78,91.24,94.67,98.09,98.71,107.94,108.94,198.53,199.09,206.66,209.86,213.19,215.75,216.01,221.26,234.92,236.6,237.95,247.15
mknod,InterSDSE,NA,NA,NA,NA,NA,NA,NA,NA,NA,NA,NA,NA,NA,NA,NA,NA,NA,NA,NA,NA,NA
mknod,SDSE,NA,NA,NA,NA,NA,NA,NA,NA,NA,NA,NA,NA,NA,NA,NA,NA,NA,NA,NA,NA,NA
mknod,SDSE-pr,NA,NA,NA,NA,NA,NA,NA,NA,NA,NA,NA,NA,NA,NA,NA,NA,NA,NA,NA,NA,NA
mknod,SDSE-intra,NA,NA,NA,NA,NA,NA,NA,NA,NA,NA,NA,NA,NA,NA,NA,NA,NA,NA,NA,NA,NA
mknod,OtterKLEE,133.7,141.55,145.93,146.08,149.35,151.01,159.08,177.02,177.26,180.88,182.2,183.93,184.46,189.04,189.51,189.55,192.47,193.8,203.79,214.35,238.82
mknod,Mix(KLEE),85.61,100.8,102.43,107.98,109.25,120.15,143.39,144.03,161.27,165.21,166.52,171.43,171.6,173.79,179.75,183.47,187.59,193.38,208.63,251.61,259.67
mknod,Mix-CCBSE(OtterKLEE),62.5,65.94,80.38,96.23,104.81,107.24,107.86,108.39,111.0,119.72,122.35,123.73,124.53,127.58,135.13,141.1,145.13,152.27,155.73,159.69,195.03
mknod,Mix(SAGE),32.22,33.91,37.03,49.41,55.73,73.62,82.88,149.9,173.81,229.95,238.08,340.25,533.93,635.54,641.64,644.57,790.58,1383.13,NA,NA,NA
mknod,Mix-CCBSE(OtterSAGE),20.5,39.57,47.28,49.77,61.39,62.38,86.54,98.94,100.02,122.93,126.49,155.84,161.04,287.3,343.03,505.84,577.88,848.47,1162.88,NA,NA
mknod,Mix(random-path),198.73,198.76,207.33,223.85,226.55,232.79,243.44,243.97,248.54,255.62,257.61,261.49,296.55,298.54,298.57,301.47,301.91,310.45,326.15,354.47,358.23
mknod,Mix-CCBSE(RP),120.57,124.97,127.02,127.15,130.23,130.89,131.73,136.51,138.05,138.9,140.5,144.25,144.82,144.93,148.41,148.89,149.19,155.78,155.99,158.09,167.36
mknod,"RR(RP,SDSE)",1782.86,NA,NA,NA,NA,NA,NA,NA,NA,NA,NA,NA,NA,NA,NA,NA,NA,NA,NA,NA,NA
mknod,OtterSAGE,17.97,47.27,55.0,58.27,62.36,64.94,74.72,84.92,91.62,110.58,116.37,145.62,187.54,192.87,284.52,372.85,NA,NA,NA,NA,NA
mknod,RP,188.28,190.36,190.5,190.86,191.62,192.27,194.84,196.49,198.53,202.24,205.85,207.67,209.85,211.35,214.32,215.47,218.27,218.3,218.31,220.26,240.25
paste,Batched(InterSDSE),17.29,17.55,17.95,18.22,18.38,18.62,18.67,18.75,18.95,19.23,19.29,19.88,20.45,20.57,21.02,21.29,21.51,21.83,22.21,22.59,24.16
paste,B(SDSE),15.74,17.46,17.48,17.5,18.33,18.47,19.14,19.26,19.51,20.65,21.6,21.92,22.41,22.59,22.8,23.24,23.26,23.43,23.71,24.22,25.27
paste,B(SDSE-pr),19.27,20.71,21.22,22.09,22.4,22.79,23.64,23.84,23.93,24.5,25.12,25.54,25.66,25.72,26.01,26.72,26.94,28.93,30.18,30.73,65.85
paste,"B(Ph(OtterKLEE,SDSE,3))",15.1,15.81,15.88,16.27,16.61,16.89,16.96,17.27,17.72,17.86,17.9,17.9,17.92,18.22,18.28,19.71,20.52,21.57,21.9,22.52,22.66
paste,"Batched(RoundRobin(RandomPath,InterSDSE))",17.21,18.03,18.07,18.14,18.35,18.87,19.03,19.57,19.62,19.74,19.87,19.9,20.27,21.31,21.49,21.61,21.75,24.02,24.44,25.42,26.71
paste,"B(RR(RP,SDSE))",17.34,17.85,18.5,18.6,19.35,19.67,19.89,20.85,20.88,21.38,21.47,21.75,22.35,22.48,22.77,23.11,23.11,23.47,23.64,24.26,25.46
paste,CCBSE(SDSE),19.32,19.46,19.98,20.49,20.55,21.08,21.3,21.32,22.04,22.47,22.76,22.81,22.86,22.87,23.06,23.79,24.06,24.79,24.96,25.37,25.81
paste,CCBSE(IntraSDSE),21.42,21.69,21.77,22.31,22.41,22.53,22.67,22.73,22.79,23.49,23.51,23.99,24.2,24.78,24.89,24.98,25.09,25.22,27.04,27.18,30.4
paste,CCBSE(RP),25.33,25.7,25.77,26.49,26.54,26.85,27.23,27.32,27.43,27.5,27.86,28.08,28.4,28.57,28.58,29.3,29.31,30.11,32.89,34.72,38.95
paste,InterSDSE,16.54,16.65,17.13,17.76,17.86,18.13,18.81,18.93,18.98,19.13,19.33,19.55,19.94,20.07,20.12,20.14,21.24,22.17,23.14,23.14,25.02
paste,SDSE,16.81,16.91,17.14,17.41,17.48,17.53,17.73,17.95,18.01,18.29,18.89,19.18,19.23,19.36,19.62,20.16,20.69,21.17,21.98,22.76,23.78
paste,SDSE-pr,42.45,45.23,45.85,45.96,45.98,47.24,48.92,49.13,50.05,55.46,56.99,57.36,66.13,68.41,70.31,73.62,81.46,89.64,97.29,102.18,102.42
paste,SDSE-intra,20.87,20.88,21.72,22.11,22.2,22.37,22.72,22.91,23.05,23.29,23.69,24.26,24.46,24.53,24.61,26.41,26.62,26.74,27.16,28.41,30.61
paste,OtterKLEE,15.38,15.52,15.83,16.08,16.09,16.28,16.29,16.38,16.47,16.47,16.62,17.02,17.18,17.5,17.83,17.89,18.22,18.65,19.37,20.07,20.27
paste,Mix(KLEE),21.38,21.58,22.19,22.35,22.56,22.72,22.73,22.79,22.79,23.16,23.32,24.13,24.23,24.68,24.92,25.05,25.32,25.55,26.09,26.34,27.85
paste,Mix-CCBSE(OtterKLEE),18.96,19.13,19.33,20.44,20.89,20.94,20.98,21.39,21.51,21.65,21.75,21.91,22.15,23.77,24.21,24.31,24.69,24.74,26.8,28.49,30.03
paste,Mix(SAGE),16.61,16.82,17.72,17.86,19.35,20.25,21.01,22.16,24.69,24.88,25.25,27.95,28.98,31.85,35.78,38.38,39.49,48.15,56.51,58.79,69.1
paste,Mix-CCBSE(OtterSAGE),17.07,18.7,20.31,20.62,22.78,23.03,23.15,23.26,23.82,23.92,24.51,31.59,31.71,43.41,45.6,50.67,51.71,51.99,107.44,133.67,256.82
paste,Mix(random-path),25.85,25.97,26.17,26.31,26.6,26.69,27.1,27.35,27.73,28.12,28.71,28.77,29.1,29.66,29.81,30.0,30.6,31.19,32.51,33.27,33.98
paste,Mix-CCBSE(RP),21.99,22.29,23.57,23.97,24.18,24.78,25.79,25.84,26.17,26.5,27.03,27.47,27.57,27.57,27.63,28.44,28.63,29.13,29.16,29.52,30.48
paste,"RR(RP,SDSE)",17.52,19.68,19.74,20.34,20.37,20.7,21.22,21.25,21.59,22.08,22.12,22.19,22.58,24.2,24.62,24.65,24.68,25.78,26.42,27.36,27.46
paste,OtterSAGE,13.33,13.63,13.66,14.5,14.6,15.02,15.42,15.7,17.46,17.53,17.88,18.08,20.58,20.69,21.94,22.27,22.77,23.64,24.71,29.74,31.73
paste,RP,17.68,18.38,18.4,18.51,19.39,19.61,19.7,19.95,20.0,20.04,20.05,20.49,20.76,21.07,21.08,21.52,21.9,22.27,22.57,22.73,27.04
pr,Batched(InterSDSE),2946.61,3122.94,3258.58,3438.69,3456.89,3509.8,3657.01,3904.88,3923.71,4071.2,4176.14,7054.1,7080.16,7183.81,7196.63,NA,NA,NA,NA,NA,NA
pr,B(SDSE),2514.4,2535.17,2638.58,2703.13,2703.69,2778.89,3050.31,3145.65,3887.29,3937.89,3943.86,4056.06,4126.63,4181.48,4466.59,4500.46,4536.59,4546.79,4718.39,4723.86,4819.11
pr,B(SDSE-pr),1665.1,1909.84,1927.84,1931.18,2003.84,2010.66,2266.88,2787.99,2804.67,2831.96,3044.97,3156.16,3187.23,3276.24,3629.21,3907.06,4003.78,4046.74,4179.69,5082.67,5358.74
pr,"B(Ph(OtterKLEE,SDSE,3))",5793.08,6812.61,6864.65,NA,NA,NA,NA,NA,NA,NA,NA,NA,NA,NA,NA,NA,NA,NA,NA,NA,NA
pr,"Batched(RoundRobin(RandomPath,InterSDSE))",NA,NA,NA,NA,NA,NA,NA,NA,NA,NA,NA,NA,NA,NA,NA,NA,NA,NA,NA,NA,NA
pr,"B(RR(RP,SDSE))",7199.58,NA,NA,NA,NA,NA,NA,NA,NA,NA,NA,NA,NA,NA,NA,NA,NA,NA,NA,NA,NA
pr,CCBSE(SDSE),NA,NA,NA,NA,NA,NA,NA,NA,NA,NA,NA,NA,NA,NA,NA,NA,NA,NA,NA,NA,NA
pr,CCBSE(IntraSDSE),NA,NA,NA,NA,NA,NA,NA,NA,NA,NA,NA,NA,NA,NA,NA,NA,NA,NA,NA,NA,NA
pr,CCBSE(RP),NA,NA,NA,NA,NA,NA,NA,NA,NA,NA,NA,NA,NA,NA,NA,NA,NA,NA,NA,NA,NA
pr,InterSDSE,270.19,515.27,743.44,1444.95,2165.47,2570.08,4581.9,4786.94,5285.15,5900.08,6155.82,NA,NA,NA,NA,NA,NA,NA,NA,NA,NA
pr,SDSE,80.56,136.7,309.35,315.61,345.31,361.42,567.29,604.11,717.62,871.65,953.94,1304.21,2000.66,2141.67,2877.48,3182.24,3948.94,4475.43,4620.75,4746.02,5115.14
pr,SDSE-pr,NA,NA,NA,NA,NA,NA,NA,NA,NA,NA,NA,NA,NA,NA,NA,NA,NA,NA,NA,NA,NA
pr,SDSE-intra,NA,NA,NA,NA,NA,NA,NA,NA,NA,NA,NA,NA,NA,NA,NA,NA,NA,NA,NA,NA,NA
pr,OtterKLEE,NA,NA,NA,NA,NA,NA,NA,NA,NA,NA,NA,NA,NA,NA,NA,NA,NA,NA,NA,NA,NA
pr,Mix(KLEE),NA,NA,NA,NA,NA,NA,NA,NA,NA,NA,NA,NA,NA,NA,NA,NA,NA,NA,NA,NA,NA
pr,Mix-CCBSE(OtterKLEE),NA,NA,NA,NA,NA,NA,NA,NA,NA,NA,NA,NA,NA,NA,NA,NA,NA,NA,NA,NA,NA
pr,Mix(SAGE),3186.38,3433.79,3549.32,3697.67,3704.62,3865.78,4738.01,4756.2,5060.9,6759.44,NA,NA,NA,NA,NA,NA,NA,NA,NA,NA,NA
pr,Mix-CCBSE(OtterSAGE),2334.32,2967.91,3907.01,4133.95,4280.48,4396.28,4687.99,4830.86,5108.12,5334.06,6462.64,,,NA,NA,NA,NA,NA,NA,NA,NA
pr,Mix(random-path),NA,NA,NA,NA,NA,NA,NA,NA,NA,NA,NA,NA,NA,NA,NA,NA,NA,NA,NA,NA,NA
pr,Mix-CCBSE(RP),NA,NA,NA,NA,NA,NA,NA,NA,NA,NA,NA,NA,NA,NA,NA,NA,NA,NA,NA,NA,NA
pr,"RR(RP,SDSE)",NA,NA,NA,NA,NA,NA,NA,NA,NA,NA,NA,NA,NA,NA,NA,NA,NA,NA,NA,NA,NA
pr,OtterSAGE,2625.81,2810.42,2824.67,3142.4,3305.47,3335.32,3643.51,3800.08,3906.72,4000.4,5729.53,6212.03,6588.15,NA,NA,NA,NA,NA,NA,NA,NA
pr,RP,NA,NA,NA,NA,NA,NA,NA,NA,NA,NA,NA,NA,NA,NA,NA,NA,NA,NA,NA,NA,NA
ptx,Batched(InterSDSE),27.53,29.41,30.63,30.87,31.7,31.89,32.24,32.7,34.02,34.09,34.69,35.99,39.8,44.27,445.6,480.33,487.38,514.55,516.55,541.88,550.73
ptx,B(SDSE),24.99,26.04,26.83,27.2,28.26,28.8,29.21,30.5,31.36,31.45,31.62,31.74,40.03,459.51,459.78,485.37,493.64,497.11,511.37,531.6,537.65
ptx,B(SDSE-pr),26.7,28.83,29.94,30.79,31.01,31.4,31.56,34.58,34.8,35.12,37.41,37.62,37.67,38.94,39.91,39.98,42.6,49.29,141.75,143.67,190.37
ptx,"B(Ph(OtterKLEE,SDSE,3))",213.3,374.12,384.09,462.56,492.69,517.35,546.96,554.25,587.44,621.02,632.97,648.56,703.91,724.24,879.79,903.38,959.38,1005.17,1012.74,1089.03,1669.48
ptx,"Batched(RoundRobin(RandomPath,InterSDSE))",27.4,28.37,29.65,30.31,33.62,37.25,51.95,64.14,65.87,66.43,71.43,75.35,79.26,80.88,84.76,95.92,102.15,102.94,117.24,135.49,192.43
ptx,"B(RR(RP,SDSE))",27.34,29.37,33.96,36.05,57.39,60.29,63.41,70.86,71.21,94.85,97.23,103.23,105.46,105.52,113.16,114.5,118.59,120.75,125.94,133.64,142.17
ptx,CCBSE(SDSE),30.84,32.48,32.67,36.17,36.97,37.05,45.66,52.91,55.39,902.73,1010.39,1025.65,1033.35,1034.2,1066.49,1078.13,1079.22,1092.49,1110.31,1178.45,1203.72
ptx,CCBSE(IntraSDSE),35.92,37.14,37.41,38.91,39.34,56.18,1032.19,1046.19,1052.24,1052.74,1055.27,1063.64,1064.91,1077.37,1094.56,1100.56,1120.67,1156.85,1190.34,1199.44,1423.79
ptx,CCBSE(RP),89.15,90.02,90.35,92.42,94.88,96.48,96.87,97.89,98.14,101.38,103.84,104.73,105.55,106.76,108.08,116.42,116.64,118.86,119.21,121.82,124.83
ptx,InterSDSE,27.44,28.09,28.43,28.68,28.93,29.7,30.47,30.77,31.08,31.19,32.69,33.44,33.83,35.41,910.29,1035.43,1044.83,1098.49,1116.6,1132.16,1158.09
ptx,SDSE,25.03,28.87,28.93,29.0,30.61,30.7,32.31,33.54,37.22,38.98,438.99,466.44,475.02,482.1,486.87,493.07,505.74,507.76,514.43,519.55,547.48
ptx,SDSE-pr,32.06,35.38,36.78,37.32,41.29,42.38,43.83,44.47,44.7,46.2,47.51,52.23,253.04,573.76,707.7,1088.07,1233.27,NA,NA,NA,NA
ptx,SDSE-intra,32.6,34.91,35.5,36.15,37.09,37.67,38.35,38.6,40.23,43.41,974.83,981.85,983.96,1006.11,1076.31,1087.15,1124.53,1135.53,1173.13,1176.12,1227.98
ptx,OtterKLEE,61.67,69.17,76.57,91.65,91.69,94.42,96.04,96.73,97.37,99.65,100.76,104.08,130.03,132.84,133.39,136.75,142.7,148.24,181.05,187.57,211.8
ptx,Mix(KLEE),113.81,117.03,121.97,129.89,139.49,144.64,149.18,156.6,161.13,166.26,170.7,176.88,177.48,180.07,185.4,187.23,209.21,210.24,230.08,315.27,656.75
ptx,Mix-CCBSE(OtterKLEE),88.97,92.85,95.85,106.32,133.88,149.69,152.76,153.11,162.16,163.87,167.99,171.87,184.57,188.6,198.7,205.33,218.96,230.44,247.64,284.69,304.74
ptx,Mix(SAGE),478.62,1115.09,1181.95,1748.09,NA,NA,NA,NA,NA,NA,NA,NA,NA,NA,NA,NA,NA,NA,NA,NA,NA
ptx,Mix-CCBSE(OtterSAGE),625.18,932.35,1464.62,1730.43,NA,NA,NA,NA,NA,NA,NA,NA,NA,NA,NA,NA,NA,NA,NA,NA,NA
ptx,Mix(random-path),131.07,131.96,137.37,139.3,141.84,143.57,145.44,147.06,151.68,154.38,157.61,158.47,158.88,158.99,165.08,166.62,168.54,174.06,183.04,183.99,184.22
ptx,Mix-CCBSE(RP),96.34,98.93,104.16,106.45,114.0,116.72,116.92,117.84,118.03,129.44,130.86,131.62,135.21,138.46,140.4,146.39,147.99,149.49,150.48,151.6,176.63
ptx,"RR(RP,SDSE)",92.05,103.63,108.53,109.0,112.05,112.49,112.65,112.95,118.92,121.19,122.87,126.25,128.25,129.1,130.11,136.67,137.64,142.55,148.21,151.52,162.47
ptx,OtterSAGE,NA,NA,NA,NA,NA,NA,NA,NA,NA,NA,NA,NA,NA,NA,NA,NA,NA,NA,NA,NA,NA
ptx,RP,66.14,66.77,73.55,73.97,76.48,76.75,77.06,78.04,78.1,78.97,79.0,79.23,80.96,81.64,83.05,83.36,84.1,86.68,88.02,98.12,98.45
ptx2,Batched(InterSDSE),NA,NA,NA,NA,NA,NA,NA,NA,NA,NA,NA,NA,NA,NA,NA,NA,NA,NA,NA,NA,NA
ptx2,B(SDSE),NA,NA,NA,NA,NA,NA,NA,NA,NA,NA,NA,NA,NA,NA,NA,NA,NA,NA,NA,NA,NA
ptx2,B(SDSE-pr),NA,NA,NA,NA,NA,NA,NA,NA,NA,NA,NA,NA,NA,NA,NA,NA,NA,NA,NA,NA,NA
ptx2,"B(Ph(OtterKLEE,SDSE,3))",491.37,549.32,559.24,573.69,581.79,587.15,587.21,595.18,609.44,615.45,625.38,631.71,663.43,666.46,680.35,682.33,687.1,688.69,698.48,809.69,NA
ptx2,"Batched(RoundRobin(RandomPath,InterSDSE))",257.54,265.04,266.47,266.76,266.92,269.34,278.8,288.34,288.62,294.96,296.87,303.31,303.46,310.72,324.61,347.29,411.63,423.69,460.89,NA,NA
ptx2,"B(RR(RP,SDSE))",199.95,201.81,211.84,216.62,217.65,217.81,218.38,225.36,229.39,238.71,239.84,241.99,248.61,258.43,259.14,274.9,330.0,392.05,NA,NA,NA
ptx2,CCBSE(SDSE),NA,NA,NA,NA,NA,NA,NA,NA,NA,NA,NA,NA,NA,NA,NA,NA,NA,NA,NA,NA,NA
ptx2,CCBSE(IntraSDSE),NA,NA,NA,NA,NA,NA,NA,NA,NA,NA,NA,NA,NA,NA,NA,NA,NA,NA,NA,NA,NA
ptx2,CCBSE(RP),568.88,582.09,585.14,595.32,606.66,622.94,623.92,626.7,657.64,664.49,665.06,675.04,679.46,686.99,698.11,699.66,744.21,756.19,772.23,783.54,837.03
ptx2,InterSDSE,NA,NA,NA,NA,NA,NA,NA,NA,NA,NA,NA,NA,NA,NA,NA,NA,NA,NA,NA,NA,NA
ptx2,SDSE,830.19,884.34,935.35,1127.35,1141.19,1147.8,1205.16,1206.34,1433.28,1649.24,1729.59,1767.08,NA,NA,NA,NA,NA,NA,NA,NA,NA
ptx2,SDSE-pr,NA,NA,NA,NA,NA,NA,NA,NA,NA,NA,NA,NA,NA,NA,NA,NA,NA,NA,NA,NA,NA
ptx2,SDSE-intra,NA,NA,NA,NA,NA,NA,NA,NA,NA,NA,NA,NA,NA,NA,NA,NA,NA,NA,NA,NA,NA
ptx2,OtterKLEE,608.27,622.55,629.88,661.57,664.38,683.7,688.26,692.79,699.72,699.87,735.47,736.01,739.47,748.04,752.53,760.59,783.05,784.41,805.26,859.1,1005.52
ptx2,Mix(KLEE),717.65,732.45,735.24,736.92,767.31,768.49,792.38,802.08,816.02,825.3,844.26,852.29,863.43,881.39,889.96,898.49,901.04,909.77,927.16,952.47,NA
ptx2,Mix-CCBSE(OtterKLEE),860.77,872.67,878.2,907.04,929.69,984.5,995.92,997.04,1009.68,1025.0,1062.3,1077.84,1091.93,1161.02,1170.96,1204.48,1241.31,1303.96,1312.0,1364.91,1387.57
ptx2,Mix(SAGE),120.64,179.04,381.49,464.94,528.98,774.52,810.04,999.42,1479.11,1540.24,NA,NA,NA,NA,NA,NA,NA,NA,NA,NA,NA
ptx2,Mix-CCBSE(OtterSAGE),329.24,340.52,341.05,346.24,378.23,580.71,769.12,NA,NA,NA,NA,NA,NA,NA,NA,NA,NA,NA,NA,NA,NA
ptx2,Mix(random-path),442.47,457.28,461.23,464.22,467.73,476.0,477.11,479.56,481.21,488.12,492.85,494.69,501.94,502.23,502.24,504.25,504.25,507.85,514.26,528.65,532.51
ptx2,Mix-CCBSE(RP),520.81,526.23,533.7,535.75,540.7,563.59,565.44,565.62,566.17,583.21,610.4,658.63,674.5,677.88,696.79,718.33,722.4,725.94,733.02,734.6,738.73
ptx2,"RR(RP,SDSE)",243.6,254.05,262.85,266.6,278.48,281.67,282.22,282.37,284.88,291.56,293.74,294.71,301.92,307.42,311.26,337.64,350.25,365.58,381.01,509.7,NA
ptx2,OtterSAGE,188.61,203.0,230.74,479.76,646.83,708.55,1189.23,1218.79,NA,NA,NA,NA,NA,NA,NA,NA,NA,NA,NA,NA,NA
ptx2,RP,357.67,372.48,373.66,374.87,377.68,379.35,381.49,392.46,396.55,399.62,399.65,405.81,408.74,411.22,411.26,411.42,421.14,425.3,427.81,457.69,547.56
seq,Batched(InterSDSE),281.72,358.03,375.01,379.55,382.63,389.91,393.15,398.74,441.11,444.9,454.74,457.15,457.23,475.78,476.61,478.81,626.98,637.18,715.16,780.06,900.73
seq,B(SDSE),251.69,254.83,283.21,342.37,353.35,356.3,381.17,385.5,389.83,394.97,407.62,412.22,419.03,422.68,426.06,471.75,477.63,495.31,572.99,595.12,652.27
seq,B(SDSE-pr),19.23,20.39,21.7,23.1,23.49,28.04,34.95,36.44,39.35,40.79,41.02,42.53,43.58,46.65,47.13,47.96,52.22,62.58,73.62,130.1,142.83
seq,"B(Ph(OtterKLEE,SDSE,3))",365.47,411.45,430.67,496.33,516.98,595.29,672.94,693.04,697.09,728.77,763.7,833.23,901.8,902.94,919.23,952.92,973.6,1146.69,1198.82,NA,NA
seq,"Batched(RoundRobin(RandomPath,InterSDSE))",331.68,393.6,420.95,432.01,462.45,481.33,481.57,509.33,537.43,583.55,605.94,606.7,644.17,663.24,670.87,703.26,708.52,759.8,801.42,950.41,1018.53
seq,"B(RR(RP,SDSE))",420.58,458.59,512.22,544.44,549.16,557.34,615.72,639.39,653.54,672.07,674.52,713.06,786.3,850.78,933.28,940.87,1024.13,1046.38,1094.06,1133.2,1213.45
seq,CCBSE(SDSE),500.15,674.44,719.45,845.97,896.18,1047.98,1277.7,1386.64,1503.87,1782.0,1791.93,NA,NA,NA,NA,NA,NA,NA,NA,NA,NA
seq,CCBSE(IntraSDSE),35.1,115.24,269.59,518.46,1034.63,1170.38,NA,NA,NA,NA,NA,NA,NA,NA,NA,NA,NA,NA,NA,NA,NA
seq,CCBSE(RP),367.5,368.9,386.86,389.34,393.96,395.27,398.89,399.32,402.82,404.29,407.09,414.06,416.74,417.97,425.41,435.53,442.28,448.5,457.92,469.43,477.82
seq,InterSDSE,548.98,829.84,859.26,966.45,1058.04,1084.1,1187.13,1468.73,1484.44,1527.94,1616.0,NA,NA,NA,NA,NA,NA,NA,NA,NA,NA
seq,SDSE,229.69,359.73,386.25,422.92,438.36,482.35,486.55,536.8,565.52,570.76,574.47,628.71,653.98,660.2,675.7,699.25,706.76,731.32,846.97,891.13,1133.72
seq,SDSE-pr,24.04,24.21,25.28,26.64,27.69,28.0,29.68,31.08,32.94,35.2,42.28,52.83,62.78,66.94,82.21,114.65,120.88,227.93,256.8,337.91,534.79
seq,SDSE-intra,122.82,428.43,917.44,NA,NA,NA,NA,NA,NA,NA,NA,NA,NA,NA,NA,NA,NA,NA,NA,NA,NA
seq,OtterKLEE,526.93,535.91,610.43,632.34,641.05,710.88,886.68,1109.01,1109.79,1127.89,1130.6,1195.49,1207.87,1218.06,1243.61,1279.95,1283.11,1357.84,1764.83,NA,NA
seq,Mix(KLEE),297.92,304.25,322.36,338.75,343.16,344.94,346.53,386.73,398.11,398.24,419.23,438.77,444.01,448.09,448.82,469.68,562.9,635.29,646.15,772.85,918.64
seq,Mix-CCBSE(OtterKLEE),111.12,111.57,112.4,116.42,116.49,121.57,125.5,127.03,127.37,132.19,138.63,148.5,157.93,161.16,162.22,165.65,170.12,203.61,455.0,566.12,596.22
seq,Mix(SAGE),53.89,84.72,85.02,99.01,113.64,126.39,151.17,151.51,205.15,NA,NA,NA,NA,NA,NA,NA,NA,NA,NA,NA,NA
seq,Mix-CCBSE(OtterSAGE),51.59,84.69,93.46,131.13,160.9,164.79,197.5,204.86,233.13,266.48,279.11,286.77,NA,NA,NA,NA,NA,NA,NA,NA,NA
seq,Mix(random-path),176.28,177.9,178.8,186.03,194.97,213.57,218.68,230.6,233.15,249.32,261.23,266.19,280.89,283.37,283.39,294.1,301.79,314.3,314.54,335.45,429.7
seq,Mix-CCBSE(RP),106.65,132.37,156.08,158.3,159.34,163.71,167.35,168.28,171.81,176.89,180.39,181.3,186.9,188.03,190.49,202.12,203.55,215.44,224.75,227.64,239.96
seq,"RR(RP,SDSE)",653.83,791.78,831.53,906.7,934.58,1057.49,1218.73,1239.45,1293.59,1672.19,1731.4,NA,NA,NA,NA,NA,NA,NA,NA,NA,NA
seq,OtterSAGE,50.4,51.41,57.44,60.63,71.62,83.44,123.53,141.73,148.3,179.06,NA,NA,NA,NA,NA,NA,NA,NA,NA,NA,NA
seq,RP,301.12,302.8,303.23,305.16,315.08,327.4,333.2,334.71,336.72,336.87,341.7,342.33,345.16,347.25,373.97,380.63,383.77,388.47,396.02,412.69,462.9
tac,Batched(InterSDSE),NA,NA,NA,NA,NA,NA,NA,NA,NA,NA,NA,NA,NA,NA,NA,NA,NA,NA,NA,NA,NA
tac,B(SDSE),NA,NA,NA,NA,NA,NA,NA,NA,NA,NA,NA,NA,NA,NA,NA,NA,NA,NA,NA,NA,NA
tac,B(SDSE-pr),3858.41,4024.91,4230.94,4845.01,4887.89,4975.23,5108.91,5325.98,5500.84,5605.2,5824.65,5850.12,5851.4,6035.0,6127.71,6262.92,6280.45,6358.28,6381.98,6449.63,7132.71
tac,"B(Ph(OtterKLEE,SDSE,3))",2797.08,2915.51,3300.54,3394.23,3399.25,3547.67,3592.91,3733.73,3743.61,3764.91,4026.53,4093.29,4109.78,4110.03,4343.16,4609.84,4650.77,4684.36,4689.52,4819.72,5044.59
tac,"Batched(RoundRobin(RandomPath,InterSDSE))",96.65,105.31,107.15,108.55,108.86,110.17,110.61,111.51,112.38,122.63,124.68,125.46,127.18,131.38,133.5,134.45,134.93,135.89,136.67,153.12,154.02
tac,"B(RR(RP,SDSE))",89.88,90.65,90.92,93.15,93.27,93.4,95.37,97.29,97.67,99.5,102.03,104.84,105.33,105.48,106.8,113.26,114.43,116.31,120.2,120.81,120.93
tac,CCBSE(SDSE),NA,NA,NA,NA,NA,NA,NA,NA,NA,NA,NA,NA,NA,NA,NA,NA,NA,NA,NA,NA,NA
tac,CCBSE(IntraSDSE),NA,NA,NA,NA,NA,NA,NA,NA,NA,NA,NA,NA,NA,NA,NA,NA,NA,NA,NA,NA,NA
tac,CCBSE(RP),NA,NA,NA,NA,NA,NA,NA,NA,NA,NA,NA,NA,NA,NA,NA,NA,NA,NA,NA,NA,NA
tac,InterSDSE,NA,NA,NA,NA,NA,NA,NA,NA,NA,NA,NA,NA,NA,NA,NA,NA,NA,NA,NA,NA,NA
tac,SDSE,NA,NA,NA,NA,NA,NA,NA,NA,NA,NA,NA,NA,NA,NA,NA,NA,NA,NA,NA,NA,NA
tac,SDSE-pr,NA,NA,NA,NA,NA,NA,NA,NA,NA,NA,NA,NA,NA,NA,NA,NA,NA,NA,NA,NA,NA
tac,SDSE-intra,NA,NA,NA,NA,NA,NA,NA,NA,NA,NA,NA,NA,NA,NA,NA,NA,NA,NA,NA,NA,NA
tac,OtterKLEE,4293.4,4382.47,4384.0,4504.28,4518.48,4543.05,4603.67,4606.97,4635.22,4729.97,4826.65,4951.51,4973.34,4976.92,4994.57,5051.97,5075.65,5089.72,5370.98,5677.1,5700.58
tac,Mix(KLEE),4247.13,4425.16,4566.11,4670.69,4733.19,4766.67,4790.94,4811.98,4826.86,4947.34,4978.68,5086.82,5109.02,5130.86,5132.57,5457.02,5499.83,5507.06,5538.87,5603.01,5942.64
tac,Mix-CCBSE(OtterKLEE),5363.89,5865.45,6041.37,6099.67,6241.05,6400.38,6573.02,6573.46,6640.53,6665.11,6905.34,7106.52,NA,NA,NA,NA,NA,NA,NA,NA,NA
tac,Mix(SAGE),367.64,741.91,1002.03,3020.07,3393.73,4958.5,6122.57,6225.5,6970.38,NA,NA,NA,NA,NA,NA,NA,NA,NA,NA,NA,NA
tac,Mix-CCBSE(OtterSAGE),161.43,3152.11,5274.7,6201.75,,,,NA,NA,NA,NA,NA,NA,NA,NA,NA,NA,NA,NA,NA,NA
tac,Mix(random-path),2976.83,3046.57,3091.46,3176.49,3181.43,3215.72,3236.38,3258.43,3284.98,3291.79,3372.23,3390.56,3417.07,3476.38,3551.94,3653.21,3767.84,3816.09,3826.62,4017.08,4213.36
tac,Mix-CCBSE(RP),3941.16,4125.56,4213.93,4279.08,4393.18,4395.33,4433.4,4468.01,4551.22,4674.94,4700.62,4744.59,4956.68,4958.25,5029.54,5262.11,5645.67,5919.98,6032.74,6046.3,6695.59
tac,"RR(RP,SDSE)",116.87,116.87,121.3,124.75,127.94,128.12,128.98,130.36,130.8,130.97,131.7,133.09,135.2,136.97,139.3,142.03,144.27,147.05,149.9,151.73,163.41
tac,OtterSAGE,385.06,572.8,1649.44,2597.87,4775.27,5339.9,6352.31,6563.37,6848.54,6920.08,NA,NA,NA,NA,NA,NA,NA,NA,NA,NA,NA
tac,RP,2791.09,2808.63,2815.99,2844.53,2962.1,2973.95,2990.77,3018.63,3052.67,3118.56,3165.74,3174.45,3183.7,3197.09,3233.89,3340.29,3374.02,3517.95,3749.47,3793.52,4096.5
Fig 3.3,KLEE,564.95,789.48,794.55,839.74,862.82,NA,NA,NA,NA,NA,NA,NA,NA,NA,NA,NA,NA,NA,NA,NA,NA
Fig 3.5,KLEE,885.28,NA,NA,NA,NA,NA,NA,NA,NA,NA,NA,NA,NA,NA,NA,NA,NA,NA,NA,NA,NA
Fig 3.1,KLEE,0.73,0.74,0.75,0.75,0.75,0.76,0.76,0.76,0.76,0.77,0.77,0.78,0.78,0.79,0.79,0.8,0.81,1.13,1.14,1.14,1.15
md5sum,KLEE,201.45,294.78,341.12,855.98,856.1,1051.95,1600.45,1661.33,1690.93,NA,NA,NA,NA,NA,NA,NA,NA,NA,NA,NA,NA
mkdir,KLEE,259.11,275.55,432.25,486.4,492.55,1344.11,1739.57,NA,NA,NA,NA,NA,NA,NA,NA,NA,NA,NA,NA,NA,NA
mkfifo,KLEE,42.49,77.39,112.03,148.01,253.89,369.05,385.48,386.67,440.44,486.83,667.01,684.09,697.1,721.74,905.83,908.64,1155.59,NA,NA,NA,NA
mknod,KLEE,211.42,272.91,304.25,423.29,547.1,551.55,580.17,593.65,621.65,651.49,656.52,675.71,693.83,NA,NA,NA,NA,NA,NA,NA,NA
paste,KLEE,14.01,16.33,20.96,21.7,24.0,24.46,24.64,32.31,32.97,33.01,33.75,40.76,51.16,65.49,66.85,68.58,72.94,74.49,92.69,112.55,127.7
pr,KLEE,NA,NA,NA,NA,NA,NA,NA,NA,NA,NA,NA,NA,NA,NA,NA,NA,NA,NA,NA,NA,NA
ptx,KLEE,34.93,44.58,65.43,68.09,103.49,110.93,122.26,151.32,177.21,203.12,313.38,434.32,481.63,591.03,861.05,NA,NA,NA,NA,NA,NA
ptx2,KLEE,NA,NA,NA,NA,NA,NA,NA,NA,NA,NA,NA,NA,NA,NA,NA,NA,NA,NA,NA,NA,NA
seq,KLEE,29.82,30.25,31.94,32.46,35.04,36.41,43.67,44.8,44.96,45.68,51.62,52.01,53.03,55.66,57.3,64.28,66.36,67.21,75.3,75.68,183.09
tac,KLEE,161.69,1208.0,NA,NA,NA,NA,NA,NA,NA,NA,NA,NA,NA,NA,NA,NA,NA,NA,NA,NA,NA
